filename,storage_unit
1.jpg,Unit 360
2.jpg,Unit 360
3.jpg,Unit 360
4.jpg,Unit 360
5.jpg,Unit 360
6.jpg,Unit 360
7.jpg,Unit 360
8.jpg,Unit 360
9.jpg,Unit 360
10.jpg,Unit 360
11.jpg,Unit 360
12.jpg,Unit 360
13.jpg,Unit 360
14.jpg,Unit 204
15.jpg,Unit 204
16.jpg,Unit 204
17.jpg,Unit 204
18.jpg,Unit 204
19.jpg,Unit 204
20.jpg,Unit 121
21.jpg,Unit 121
22.jpg,Unit 121
23.jpg,Unit 121
24.jpg,Unit 121
25.jpg,Unit 121
26.jpg,Unit 121
27.jpg,Unit 119
28.jpg,Unit 119
29.jpg,Unit 119
30.jpg,Unit 119
31.jpg,Unit 119
32.jpg,Unit 119
33.jpg,Unit 119
34.jpg,Unit 203
35.jpg,Unit 203
36.jpg,Unit 203
37.jpg,Unit 203
38.jpg,Unit 203
39.jpg,Unit 203
40.jpg,Unit 203
41.jpg,Unit 203
42.jpg,Unit 203
43.jpg,Unit 203
44.jpg,Unit 203
45.jpg,Unit 203
46.jpg,Unit 354
47.jpg,Unit 354
48.jpg,Unit 354
49.jpg,Unit 354
50.jpg,Unit 354
51.jpg,Unit 354
52.jpg,Unit 354
53.jpg,Unit 354
54.jpg,Unit 354
55.jpg,Unit 501
56.jpg,Unit 501
57.jpg,Unit 501
58.jpg,Unit 501
59.jpg,Unit 501
60.jpg,Unit 501
61.jpg,Unit 501
62.jpg,Unit 503
63.jpg,Unit 503
64.jpg,Unit 503
65.jpg,Unit 503
66.jpg,Unit 503
67.jpg,Unit 503
68.jpg,Unit 503
69.jpg,Unit 503
70.jpg,Unit 503
71.jpg,Unit 503
72.jpg,Unit 503
73.jpg,Unit 503
74.jpg,Unit 503
75.jpg,Unit 503
